{"data":[{"marker":{"size":2},"mode":"markers+lines","name":"Span creation: in 2D cable plane with origin at lowest point of each span + cable plane orientation with wind angle","x":[-234.42720118563165,-209.0217164729124,-183.61623176019322,-158.21074704747403,-132.80526233475481,-107.3997776220356,-81.99429290931641,-56.5888081965972,-31.183323483877984,-5.77783877115877,19.62764594156044,45.03313065427965,70.43861536699882,95.84410007971803,121.24958479243725,146.65506950515643,172.06055421787568,197.4660389305949,222.8715236433141,248.2770083560333,273.68249306875254,-476.4375434126615,-452.202697168608,-427.96785092455445,-403.7330046805009,-379.4981584364474,-355.2633121923939,-331.02846594834034,-306.79361970428687,-282.5587734602333,-258.3239272161798,-234.08908097212623,-209.85423472807267,-185.61938848401914,-161.3845422399656,-137.14969599591205,-112.91484975185853,-88.680003507805,-64.44515726375147,-40.21031101969794,-15.975464775644411,8.259381468409117,88.0823413101636,114.20912986979151,140.33591842941942,166.46270698904735,192.58949554867525,218.71628410830317,244.8430726679311,270.969861227559,297.09664978718695,323.2234383468149,349.35022690644274,375.47701546607067,401.6038040256986,427.7305925853265,453.8573811449544,479.9841697045823,506.11095826421024,532.2377468238382,558.3645353834661,584.4913239430939,610.6181125027219],"y":[-0.0,2.3535187627446277,4.4584654886349675,6.315148933149366,7.92383779154831,9.284760742230535,10.39810648363503,11.264023764686868,11.882621408802173,12.2539683314468,12.378093551257537,12.254986194722502,11.884595494430137,11.266830780873324,10.401561467822134,9.288617031249615,7.927786981818086,6.3188208309119585,4.46142805021953,2.3552780248531615,0.0,-0.0,0.4909166601529959,0.9295294611099691,1.315975473651013,1.6503841087118318,1.9328771363849557,2.1635687038006126,2.3425653518864995,2.4699660310122384,2.5458621155182053,2.570337417132738,2.5434681972781172,2.4653231782686307,2.3359635534011076,2.1554429959403927,1.9238076670002164,1.6410962223212484,1.30733981794716,0.9225621147991075,0.4867792821503183,0.0,0.0,0.0,0.0,0.0,0.0,0.0,0.0,0.0,0.0,0.0,0.0,0.0,0.0,0.0,0.0,0.0,0.0,0.0,0.0,0.0,0.0],"z":[13.75476544413834,12.029928718350533,10.513668697008141,9.205726303503162,8.105876075741628,7.213926129763495,6.529718128778203,6.053127257617589,5.784062202593319,5.7224651367634145,5.868311710600441,6.221611048064215,6.782405748071049,7.550771891370928,8.526819052821219,9.71069031907004,11.102562311643013,12.70264521544509,14.511182812675463,16.528452522164418,18.754765444138677,57.01705436979765,51.38292764012452,46.04543083620564,41.003786591017864,36.25726097867427,31.80516340666292,27.6468465144394,23.781706078377404,20.209180923044652,16.928752838805792,13.939946505729639,11.242329423798465,8.83551184940065,6.719146738104403,4.892929693698612,3.3565989234982023,2.109935199903898,1.1527618282116467,0.4849446206694559,0.10639187677204642,0.0170543697977088,1.9399382449427627,3.2618175721625953,4.925562937818206,6.931458267871449,9.2798458777823,11.971126530926135,15.00575950698746,18.38426268033677,22.107212608410087,26.175244630099126,30.589052974175246,35.3493908777649,40.45707071488902,45.91296413510415,51.71800221224743,57.87317560333349,64.37953471761126,71.23818989582543,78.45031159969551,86.01713061166593,93.93993824494285],"type":"scatter3d"},{"marker":{"size":2},"mode":"markers+lines","name":"Span orientation: in crossarm frame with origin at left attachment (azimuth rotation)","x":[0.0,25.48237331192646,50.9542176589648,76.41554611931821,101.86637007432714,127.30669921030562,152.73654152010462,178.15590330440156,203.56478917271704,228.9632020441586,254.3511431478919,279.7286120233389,305.09560652010373,330.4521227976253,355.79815532455825,381.1336968778796,406.4587385417241,431.7732697059444,457.0772780644005,482.3707496129724,507.65366864730186,0.0,15.870051332874779,31.69988180200903,47.48959681272571,63.239295880045134,78.94907264329663,94.61901487986889,110.24920451809744,125.83971764929576,141.39062453892683,156.9019896369216,172.37387158714142,187.80632323598977,203.19939164017114,218.5531180736013,233.86753803346704,249.14268124543884,264.37857166803525,279.5752274961411,294.73266116367876,309.8508793454344,0.0,25.502300051169552,51.004600102339104,76.50690015350867,102.00920020467821,127.51150025584776,153.01380030701733,178.51610035818692,204.01840040935647,229.52070046052603,255.02300051169553,280.52530056286514,306.02760061403467,331.52990066520425,357.0322007163738,382.53450076754336,408.0368008187129,433.5391008698825,459.041400921052,484.5437009722215,510.04600102339106],"y":[0.0,1.275286025337239,2.302223105832197,3.081119719856904,3.6122443215193534,3.895825383980698,3.932051436324136,3.7210710939734097,3.262993082676238,2.5578862560472277,1.6057796066791097,0.40666227081891204,-1.039516473381454,-2.73284721405373,-4.673460420227436,-6.86152646288516,-9.297255642451594,-11.980898222730179,-14.912744471285091,-18.093124706278957,-21.52240934977426,0.0,-18.32239728671035,-36.67823071863458,-55.06741267090949,-73.48986041535966,-91.94549610835054,-110.43424677935815,-128.9560443202544,-147.51082547530694,-166.09853183189063,-184.71910981191093,-203.37251066393662,-222.05869045604155,-240.77761006935398,-259.5292351923126,-278.3135363156282,-297.13048872795093,-315.98007251224203,-334.86227254284904,-353.77707848328464,-372.7244847847097,0.0,5.678183912099139,11.356367824198278,17.034551736297416,22.712735648396556,28.390919560495696,34.06910347259483,39.74728738469398,45.42547129679312,51.10365520889226,56.78183912099139,62.460023033090536,68.13820694518967,73.81639085728882,79.49457476938795,85.1727586814871,90.85094259358624,96.52912650568537,102.20731041778451,107.88549432988363,113.56367824198279],"z":[13.75476544413834,12.029928718350531,10.513668697008141,9.20572630350316,8.105876075741627,7.213926129763495,6.529718128778203,6.0531272576175885,5.784062202593319,5.7224651367634145,5.868311710600441,6.221611048064215,6.7824057480710485,7.550771891370928,8.526819052821219,9.71069031907004,11.102562311643013,12.70264521544509,14.511182812675463,16.528452522164418,18.754765444138677,57.017054369797656,51.38292764012452,46.04543083620564,41.003786591017864,36.25726097867427,31.80516340666292,27.6468465144394,23.781706078377404,20.209180923044652,16.928752838805792,13.939946505729639,11.242329423798466,8.83551184940065,6.719146738104403,4.892929693698612,3.3565989234982023,2.109935199903898,1.1527618282116467,0.4849446206694559,0.10639187677204642,0.0170543697977088,1.939938244942763,3.2618175721625957,4.925562937818207,6.93145826787145,9.2798458777823,11.971126530926135,15.005759506987461,18.384262680336775,22.10721260841009,26.17524463009913,30.589052974175246,35.349390877764904,40.45707071488903,45.912964135104154,51.71800221224743,57.8731756033335,64.37953471761126,71.23818989582543,78.45031159969552,86.01713061166595,93.93993824494285],"type":"scatter3d"},{"marker":{"size":2},"mode":"markers+lines","name":"Span positioning: in section frame with origin at left attachment of section",